Name,Id,Lineitem sku,Lineitem quantity,Lineitem name,,Billing Province Name,Shipping Province Name,Payment ID,Payment Terms Name,Next Payment Due At,Payment References
#1034,6397806018725,slgt005,1,Kodo Constant Force Tourbillon SLGT005,,California,California,rsVx0f0RBd1t3rWFUd6ky6CPh,,,rsVx0f0RBd1t3rWFUd6ky6CPh + #1034.1
#1034,,sbgd215,2,Spring Drive 8 Day SBGD215,,,,,,,
#1034,,sbgx265,5,Quartz SBGX265,,,,,,,
#1034,,sbgm255,5,Automatic GMT SBGM255,,,,,,,
#1034,,sbgm257,5,Automatic GMT SBGM257,,,,,,,
#1034,,slgc009,5,Hi-Beat 36000 Automatic Chronograph Tokyo Lion SLGC009,,,,,,,
#1033,6397789864101,sbgm257,10,Automatic GMT SBGM257,,California,California,rxksaAL3zQQxgamuhX8GMgyB7,,,rxksaAL3zQQxgamuhX8GMgyB7 + #1033.1
#1033,,sbgx265,1,Quartz SBGX265,,,,,,,
#1033,,slgt005,10,Kodo Constant Force Tourbillon SLGT005,,,,,,,
#1033,,sbgj277,2,Hi-Beat 36000 GMT SBGJ277,,,,,,,
